insert into city values
(09, "aydin", 1500000),
(35, "izmir", 4500000),
(06, "ankara", 5500000),
(34, "istanbul", 20000000),
(16, "bursa", 3000000),
(48, "mugla", 1000000),
(01, "adana", 2000000),
(07, "antalya", 3500000),
(27, "gaziantep", 2000000),
(20, "denizli", 1000000);

insert into person values
(100, 22, "alp", "urkmez", "M", 35),
(101, 29, "slash", "gnr", "M", 09),
(102, 32, "mick", "jagger", "M", 06),
(103, 26, "eric", "clapton", "M", 48),
(104, 25, "james", "hetfield", "M", 35),
(105, 20, "krysten", "ritter", "F", 20),
(106, 20, "karen", "gillan", "F", 27),
(107, 25, "amy", "lee", "F", 01),
(108, 21, "anna", "vissi", "F", 06),
(109, 78, "joanne", "rowling", "F", 27),
(110, 69, "stephen", "king", "M", 01),
(111, 35, "john", "lennon", "M", 06);

insert into tel values 
(905062612017, 100),
(393488880619, 100),
(852369421587, 101),
(975148965475, 102),
(147895463255, 103),
(258799654154, 104),
(478956687566, 105),
(789425465874, 106),
(877896548522, 107),
(369874585262, 108),
(367411456225, 109),
(478951547852, 111),
(785241852354, 103),
(746321453254, 108),
(239426723942, 104);

insert into university values
(351, "ege", 1150, 35),
(352, "yasar", 1000, 35),
(061, "tobb", 500, 06),
(341, "yeditepe", 400, 34),
(271, "gaun", 300, 27),
(062, "metu", 350, 06),
(342, "bogazici", 1100, 34),
(161, "unibz", 2600, 16),
(201, "pamukkale", 320, 20),
(481, "sıtkıkoc", 990, 48);

insert into library values
(9900, 200, 65000, 351),
(9901, 350, 50000, 352),
(9902, 850, 40000, 061),
(9903, 700, 14500, 341),
(9904, 400, 30000, 271),
(9905, 150, 96000, 062),
(9906, 145, 32000, 342),
(9907, 350, 15200, 161),
(9908, 360, 78422, 201),
(9909, 850, 35000, 481);

insert into writer values
(1, 3, 109),
(2, 5, 110);

insert into book values
(59654, "harry potter", 1),
(48962, "the silkworm", 1),
(27964, "cell", 2),
(65482, "the outsider", 2);

insert into copy (copy_id, fk_library_id, fk_isbn) values
(1579, 9901, 27964),
(1587, 9908, 48962),
(9843, 9901, 48962),
(1456, 9903, 65482),
(4452, 9902, 27964),
(7522, 9907, 59654),
(1569, 9906, 59654),
(9965, 9906, 59654),
(3385, 9905, 65482);

insert into student values
(517751, "cs", 061, 100),
(654872, "economics", 341, 105),
(312548, "mec. eng.", 061, 104),
(214786, "industrial eng.", 351, 103),
(362258, "cs", 061, 101),
(517751, "cs", 342, 102),
(784135, "economics", 271, 111),
(665411, "economics", 062, 107);

insert into exchange values
(10, 342, 517751),
(10, 271, 784135),
(5, 062, 665411);

insert into regular values
(1, 517751, 061),
(1, 654872, 341),
(3, 312548, 061),
(1, 214786, 351),
(2, 362258, 061);